timeOpen;e_open;e_high;e_low;e_close
14-Jul-2023;168568.6622447423;172040.6313107496;167155.6040049201;170711.1910705406
13-Jul-2023;168568.6622447423;172040.6313107496;167155.6040049201;170711.1910705406
12-Jul-2023;168568.6622447423;172040.6313107496;167155.6040049201;170711.1910705406
11-Jul-2023;168568.6622447423;172040.6313107496;167155.6040049201;170711.1910705406
10-Jul-2023;168568.6622447423;172040.6313107496;167155.6040049201;170711.1910705406
9-Jul-2023;168568.6622447423;172040.6313107496;167155.6040049201;170711.1910705406
8-Jul-2023;168568.6622447423;172040.6313107496;167155.6040049201;170711.1910705406
7-Jul-2023;168568.6622447423;172040.6313107496;167155.6040049201;170711.1910705406
6-Jul-2023;173516.539762621;181615.7507623324;168599.512608803;168671.2125097893
5-Jul-2023;174315.2139063422;174822.4390596581;171685.5037163718;173532.0652112484
4-Jul-2023;175069.3042654635;175069.3042654635;173935.0377968435;174300.5263965203
3-Jul-2023;170436.9070999107;176742.3332645632;170155.9057382427;175057.2166857918
2-Jul-2023;170941.0454625814;173078.6497940224;166746.4388160276;170397.7317106713
1-Jul-2023;171729.441185066;172562.4209541065;169733.0487153947;170951.5085097996
30-Jun-2023;160904.298874766;174102.01986146;160904.298874766;171717.4580666282
29-Jun-2023;157184.8124543317;164247.7629108611;157184.8124543317;160923.3091325568
28-Jun-2023;161350.7892420039;161376.6119743085;156500.3834145527;157177.2309401738
27-Jun-2023;156906.8540540624;163359.9269675537;156735.7266753051;161333.4443927174
26-Jun-2023;158939.2016557502;160829.5716584338;155185.3234581246;156914.1659091791
25-Jun-2023;158701.2783389266;163204.6580656433;158278.3504625778;158977.336347189
24-Jun-2023;160217.5976537524;161186.756499477;158021.2807493392;158719.0952136805
23-Jun-2023;151622.7347335418;162808.0587753954;151622.7347335418;160140.6185254963
22-Jun-2023;159250.7898646871;162812.9303193559;151655.3076057492;151655.3076057492
21-Jun-2023;151869.1236734573;159998.6323745433;151572.0127704451;159352.9846651873
20-Jun-2023;145984.7463280168;151980.8971765767;145368.0142593565;151879.7101583793
19-Jun-2023;143614.8026470774;146678.5520203106;143373.6004457542;146050.273296642
18-Jun-2023;144898.7999921015;145814.2758185054;143443.3759677283;143620.8255357745
17-Jun-2023;144016.082621033;148218.3834430773;143804.6045519117;144899.6764143685
16-Jun-2023;139015.9160591192;145005.9556016929;138805.2831512933;144015.842637817
15-Jun-2023;138639.1016207495;139944.308987616;135875.3885038982;139025.0263838774
14-Jun-2023;146032.754956526;147538.4020082843;137523.3278118112;138640.8681648003
13-Jun-2023;146012.3023280989;147691.1519038086;145435.5953121281;146014.9067017139
12-Jun-2023;145023.1738330547;146023.9087525633;142506.7329567796;146023.9087525633
11-Jun-2023;144956.7926022199;146968.3370466726;144012.4475185945;145051.2844805053
10-Jun-2023;152246.4362410592;152609.905701792;142385.7005552167;144944.973407903
9-Jun-2023;151441.9900089541;152912.1969951304;151266.3544382673;152232.6370377904
8-Jun-2023;149470.9263082643;152631.788274042;149470.9263082643;151460.3657739874
7-Jun-2023;153304.3958864178;154061.3713727716;148638.0956399888;149461.3353813928
6-Jun-2023;146273.8374837157;154760.1921357271;145532.5071250487;153314.3137583218
5-Jun-2023;152745.7469055522;152763.7510078791;143797.3765642181;146374.5729520675
4-Jun-2023;152905.7757007257;154459.266538046;152360.6736753988;152753.4956132566
3-Jun-2023;154119.6025622392;154232.8413972275;152347.2290830125;152906.9323319466
2-Jun-2023;150864.6477144182;154350.4987700928;150009.1192177953;154106.3362125423
1-Jun-2023;152349.2696014426;153470.4431843827;150098.290583069;150846.6397106867
31-May-2023;150327.5996835987;152366.8062568529;150327.5996835987;152366.8062568529
30-May-2023;151933.6419917342;154937.345656348;150321.9306956233;150321.9306956233
29-May-2023;150834.5072691047;152187.3217913352;150834.5072691047;151932.4309276172
28-May-2023;146691.1314867849;151342.1367930176;146239.9951201217;150962.2204079844
27-May-2023;146489.0129721872;147098.5700659954;145601.0963007405;146692.7059785242
26-May-2023;144458.0345460677;147233.2539762998;144334.3525281532;146498.1513205965
25-May-2023;144160.6281084861;145303.8023931527;141238.7184595751;144476.2946630587
24-May-2023;148641.2839803489;148641.2839803489;143334.0667076805;144181.0413414051
23-May-2023;145597.2322067215;149727.2177972702;145477.6311625288;148647.7707220008
22-May-2023;144567.8444606478;146166.181160554;143630.3019155586;145577.5020160859
21-May-2023;145786.0142210977;146409.4746390866;144083.4218235611;144542.9743912095
20-May-2023;145202.5722644026;146496.5873007663;144824.5539991133;145813.2390217715
19-May-2023;144774.4664252496;145745.7465580668;144488.299748738;145188.4306143386
18-May-2023;145309.9545778029;147202.8302271705;142645.270117408;144833.4789784858
17-May-2023;146865.4112101207;147790.2257751193;143220.224188592;145293.316123442
16-May-2023;145345.9401008477;147791.7393848206;143368.7231466692;146869.6825754628
15-May-2023;139276.7111946211;147302.112392837;138283.8167096334;145403.9909637062
14-May-2023;138910.1279893313;141027.9007107988;138687.4511690214;139286.7562983404
13-May-2023;139858.8552174543;140453.0941884889;138319.8425629401;138910.6663507343
12-May-2023;138196.8138997121;140172.069604516;133746.9191684051;139831.3792456562
11-May-2023;140220.1011801775;140220.1011801775;136471.7346182977;138297.9685926819
10-May-2023;143606.3366283638;143606.3366283638;136668.3618306243;140213.1995611846
9-May-2023;143672.1871150401;144569.2094753584;142419.6341003874;143636.6073672765
8-May-2023;145697.29613878;146762.2809663166;141293.7507273162;143670.7664026862
7-May-2023;147842.0647952281;150494.0547732428;145744.0858151012;145744.0858151012
6-May-2023;155278.1845469819;156996.3628942648;145561.1475038677;147865.7315029369
5-May-2023;147409.8818961848;155506.5227873179;147340.2875710181;155245.634848011
4-May-2023;151444.275434883;151444.275434883;146683.0180663202;147399.752684411
3-May-2023;149894.8006965238;152265.8334714369;146964.317135729;151403.1716241246
2-May-2023;147769.5610527662;150587.5601772601;146768.0668799624;149902.9858108076
1-May-2023;150352.2746273823;151746.2953740907;145951.7470116209;147787.9760526159
30-Apr-2023;153559.236223368;155946.7396171838;150998.5508434794;150998.5508434794
29-Apr-2023;152257.8465422189;154221.5437054085;151889.8254464035;153573.3698506985
28-Apr-2023;155795.4669345337;156612.3179808922;150386.6863567889;152253.6414525007
27-Apr-2023;152694.7726960232;157957.8637803971;152404.7692501573;155755.7508285399
26-Apr-2023;152463.147454974;160595.9223746062;147215.0580950283;152684.217260238
25-Apr-2023;150138.908103986;153389.2966131005;147373.2925519711;152512.5484769091
24-Apr-2023;151666.8376332901;153761.7005628914;147570.4542586195;150183.9822852503
23-Apr-2023;152651.2585674589;153307.5971754395;149785.9204702954;151664.9433852977
22-Apr-2023;150624.3735992594;153678.3560333318;150344.4105979357;152655.9066454054
21-Apr-2023;158970.1641327592;159972.1118264155;148873.4025890986;150682.4763562069
20-Apr-2023;158204.0766465436;160940.9217104113;156385.3700612091;158944.6218581271
19-Apr-2023;172101.9814142235;172176.4935277679;157563.9609537376;158202.8966563472
18-Apr-2023;170313.1795833819;173073.5060461978;168798.5110917391;172150.3171438846
17-Apr-2023;172886.086251856;172895.24619196;168669.4773310186;170344.9918299968
16-Apr-2023;170659.1320574337;174342.9961534056;169399.0224864855;172886.4597903482
15-Apr-2023;171386.8025786172;172158.1798601634;169339.436270963;170674.2957504112
14-Apr-2023;164536.8161938886;173720.0626798665;164338.5004149322;171388.3603237667
13-Apr-2023;157317.3347697354;165371.4448475411;156531.7197523078;164430.9341521229
12-Apr-2023;155083.1221835688;159099.8533724922;152349.4615350223;157562.1147221008
11-Apr-2023;156082.9481353754;158153.2305745815;154639.210231859;155102.7910132602
10-Apr-2023;150824.999354682;156566.7296345742;150824.999354682;156069.2053401435
9-Apr-2023;150196.7162499456;151981.2195327023;148493.7414777231;150796.338913838
8-Apr-2023;151225.4642285648;152395.6344669505;150132.0165125786;150182.5810667961
7-Apr-2023;152066.0301757113;152842.7183433096;149894.72791694;151303.0752392973
6-Apr-2023;153098.9182782729;153109.2022561937;150656.0171030144;152081.3407571061
5-Apr-2023;148371.5392320313;153643.5446180284;147973.1862655096;153096.5569426379
4-Apr-2023;142362.7535612528;149729.7342877594;141802.4512011942;148374.7162819636
3-Apr-2023;140005.0711725304;144373.8650031247;137711.5772686567;142374.9441584787
2-Apr-2023;141189.7441478852;141432.9282279325;137598.7680477992;140066.3534891506
1-Apr-2023;141229.4571817231;142661.2659667793;140408.7764437041;140621.3591412259
31-Mar-2023;138610.5178875783;142980.0322333366;137498.0877372858;141254.0922265063
30-Mar-2023;138696.5120591368;141294.4512398299;136486.8804182141;138542.2830467886
29-Mar-2023;135750.3787101306;140406.9604132394;135750.3787101306;138669.9051327705
28-Mar-2023;131282.5576196451;137127.4716361524;130305.769661231;135741.6269525088
27-Mar-2023;137209.2043929774;137664.9928385656;129383.6631927555;131292.7693716474
26-Mar-2023;134764.1262945088;138940.1912453984;134558.6171819595;137224.3063734399
25-Mar-2023;135353.5699085612;136219.4932467305;132662.8761588433;134758.1496300743
24-Mar-2023;137980.2289144436;138315.0671246321;133720.9832427141;135398.0335398184
23-Mar-2023;133626.2198681983;140823.1754803185;133274.4828279907;138024.7099832436
22-Mar-2023;138979.8830172384;140394.3788736382;132199.1785204189;133670.5374874914
21-Mar-2023;134076.4943677805;140933.2990422679;132897.3292084857;139118.7663536446
20-Mar-2023;137432.1748161594;140207.1750300038;133496.0267869342;134053.5749589161
19-Mar-2023;135716.9523890199;141943.3492295092;135716.9523890199;137444.5127939587
18-Mar-2023;138034.8456063694;141633.8932121247;134816.2297887703;135616.6036770292
17-Mar-2023;128331.8059889746;138477.4908495093;127535.5714613551;137949.6331158767
16-Mar-2023;126052.6637497057;131218.2817518227;124747.8243636581;128325.5930421098
15-Mar-2023;128724.7910681199;130371.7658748949;123348.9114335114;126041.1360115171
14-Mar-2023;126064.1515089891;134339.2945255645;125125.9204171988;128597.7529420538
13-Mar-2023;121233.7576834951;127385.4333315665;118801.6689168926;126065.1824352522
12-Mar-2023;112961.3243617325;122477.576147074;111374.7626141423;121192.7396796805
11-Mar-2023;108897.4908588295;113091.2495831032;108868.7159357397;112975.3990467112
10-Mar-2023;109162.3797397796;109162.3797397796;104653.1269519126;108901.8597165015
9-Mar-2023;116656.3992977596;117422.6938647531;108061.373708949;109154.8345679963
8-Mar-2023;118063.3309172217;118554.0632586395;116660.7014968781;116660.7014968781
7-Mar-2023;118183.8044493566;119092.1769928676;116820.9216432717;118059.9488348207
6-Mar-2023;117954.4753567122;119130.4999793169;117837.8999235789;118181.8495784727
5-Mar-2023;118165.2953250337;119449.3266382963;117620.5119112449;117960.929025827
4-Mar-2023;118323.5587982099;118803.0257731736;117000.9371302512;118146.0417802871
3-Mar-2023;124437.8992375441;124507.2035922496;117272.1768488982;118315.2284643898
2-Mar-2023;125207.0288862364;125846.9301858958;122183.7373694589;124419.8853033039
1-Mar-2023;120528.3760030544;125198.3391351189;120196.2077022291;125198.3391351189
28-Feb-2023;122434.6383122876;123414.8966527582;120262.2170154564;120517.4753797059
27-Feb-2023;124725.4968176221;124725.4968176221;121041.0036397893;122421.4507499279
26-Feb-2023;121228.5283222793;125068.3161988968;120896.4897606661;124729.5629044571
25-Feb-2023;122282.1702392339;122297.8876038459;119166.2432039087;121240.227329025
24-Feb-2023;124485.6156247325;125254.4632439588;120342.9898086464;122260.4904620109
23-Feb-2023;123093.5276987778;125438.3181001557;122289.5966115585;124499.0983172977
22-Feb-2023;124205.3155206768;124643.9591282793;121071.5593264086;123088.5175674445
21-Feb-2023;127709.8397169028;128571.428609368;123058.3111983822;124197.4829588635
20-Feb-2023;124525.3169561036;127700.6387980762;122819.7676720035;127700.6387980762
19-Feb-2023;125216.8904218811;127235.2014648891;123901.2997356384;124458.6328119939
18-Feb-2023;125410.8781769573;126225.695154766;124623.9929228272;125227.1988592551
17-Feb-2023;122553.5111570896;127762.9083680552;122246.7051861421;125413.9545613396
16-Feb-2023;124707.0144962204;129466.2149410205;122394.0197075694;122537.6323351523
15-Feb-2023;114573.6331384212;124738.4757259928;113737.2876941011;124697.9667295212
14-Feb-2023;111667.3608182131;114965.7205807596;110941.3568286972;114581.7329368665
13-Feb-2023;110749.1761333164;111865.8433877775;108488.8547999026;111680.2398233854
12-Feb-2023;112556.723991525;112979.112085711;109765.5345392076;110757.7028226446
11-Feb-2023;111808.771763294;112670.6702386078;111454.8879836962;112567.7457351014
10-Feb-2023;112963.4152470606;112963.4152470606;111064.2882402786;111803.3994160993
9-Feb-2023;120952.701123098;120952.701123098;112292.7059514224;112951.8572323178
8-Feb-2023;120020.5101150192;121213.7462177605;119101.6053585133;120925.9282279117
7-Feb-2023;115511.7669382636;120156.3745644203;115429.8048517258;120027.5684451197
6-Feb-2023;115273.4063063345;118240.6687372452;115176.4851801188;115528.7433629951
5-Feb-2023;117779.3492520092;118104.591619767;114192.3020393528;115273.4481267847
4-Feb-2023;117592.9834867799;119399.4937135619;116444.5687920821;117771.7735665607
3-Feb-2023;115129.972018653;118243.5756968028;114910.4169223515;117612.2910005892
2-Feb-2023;114780.8358966676;119422.8619726312;114777.8056736381;115153.580473513
1-Feb-2023;111982.2803528014;115015.9083677822;109797.5170307427;114810.6779970603
31-Jan-2023;109609.7837625912;112831.3790291642;109333.3648399257;111985.6168210031
30-Jan-2023;116423.8647626589;116459.5036782206;108158.0973357893;109603.250525173
29-Jan-2023;109685.6732455086;116959.7746729987;109431.4706860595;116424.4263934446
28-Jan-2023;111463.9311513695;111922.7736257185;109180.7522805643;109672.1128345793
27-Jan-2023;111402.3691721326;112780.4310095265;108773.1082252857;111466.1001174104
26-Jan-2023;111532.0991782673;112980.1235036094;110103.9674447854;111404.1644691957
25-Jan-2023;107538.0204117924;112931.0544880158;105572.269123738;111575.7174046905
24-Jan-2023;112265.3972217082;113084.4025516616;107163.7927448171;107523.9835750156
23-Jan-2023;111151.6609653482;112776.3148844768;110546.8043829562;112293.1748412469
22-Jan-2023;111594.9979165908;113163.2216999702;110027.8858453658;111140.142266505
21-Jan-2023;113812.685596193;114805.1707660455;111557.0731107926;111578.0063335951
20-Jan-2023;107728.918890501;113825.0099630372;106159.0361510994;113815.980640438
19-Jan-2023;104176.6790034144;108123.1466140043;104116.8950578611;107741.6073546394
18-Jan-2023;107814.0946647469;110186.154711475;104069.4202698911;104194.3757016826
17-Jan-2023;108429.5404152694;110528.6357775254;106714.17203984;107824.2111607776
16-Jan-2023;102470.3756910164;109590.2468916219;102470.3756910164;108410.7049574761
15-Jan-2023;107000.4656953894;107000.4656953894;102467.750434907;102467.750434907
14-Jan-2023;100148.5580940954;107897.9883336662;100118.1936342003;106998.764308803
13-Jan-2023;96115.4860548395;100855.4072546081;95171.760837858;100161.415209755
12-Jan-2023;95969.4331310831;97087.1850194588;93436.3459338035;96114.9642070577
11-Jan-2023;93119.7283007703;95981.8672021483;91061.79776395;95981.8672021483
10-Jan-2023;92385.3496938619;93563.3140128863;92204.6990395435;93126.6495104084
9-Jan-2023;93343.6765782072;93829.2948010355;92395.3822287454;92395.3822287454
8-Jan-2023;91653.1777375174;93337.0534408142;91366.4300503917;93337.0534408142
7-Jan-2023;92032.9197723094;92118.3660792321;91514.6445898116;91659.5883634605
6-Jan-2023;90220.7087950787;92308.4625656757;90220.7087950787;92029.9663389155
5-Jan-2023;91115.6337630382;91266.9728643832;90219.2315018854;90219.2315018854
4-Jan-2023;88730.3559424378;92330.9375038723;88621.963302485;91118.6795966596
3-Jan-2023;86243.8191076378;88734.7554890169;86243.8191076378;88734.7554890169
2-Jan-2023;88521.3139354605;88521.3139354605;86237.6164786108;86237.6164786108
1-Jan-2023;88257.6332046825;88756.3098138657;87975.3008808606;88511.1080868747
31-Dec-2022;88404.713747065;88875.2887764927;88072.5271697953;88261.878873495
30-Dec-2022;88916.1423833201;88950.5546966646;87515.3992725253;88395.3263927415
29-Dec-2022;86573.2484233465;88918.0442666623;86453.2192699655;88918.0442666623
28-Dec-2022;85501.0764130739;86571.4941840619;84919.0336712859;86571.4941840619
27-Dec-2022;83882.9781114178;85504.9564292566;83882.9781114178;85504.9564292566
26-Dec-2022;85415.8292142952;85415.8292142952;83018.0790812009;83882.105571563
25-Dec-2022;85787.2956307977;85952.1193765096;84561.2959477027;85418.7598482599
24-Dec-2022;84340.7808948517;86050.038760351;84340.7808948517;85785.6856014691
23-Dec-2022;83133.9220257945;85215.05345965;82991.6587059173;84343.6523793397
22-Dec-2022;87900.2419962887;87900.2419962887;81468.0648209801;83140.941612208
21-Dec-2022;85535.4400046694;87894.9794625734;84046.6469910862;87894.9794625734
20-Dec-2022;79999.8515941165;86298.535647246;79843.4454396763;85543.6728361257
19-Dec-2022;76861.1842012727;79981.1635933047;76861.1842012727;79981.1635933047
18-Dec-2022;77079.8330185415;77474.6588746887;76305.0511415052;76858.388844197
17-Dec-2022;75778.3271131326;77139.291055251;75605.8267521162;77081.1977524705
16-Dec-2022;81876.6886319826;82920.424973278;75396.1434906399;75790.819764977
15-Dec-2022;84770.1077903444;84891.5940859341;81632.8776672248;81869.7916510218
14-Dec-2022;83487.3316875539;87097.4890270578;83434.1448277107;83434.1448277107
13-Dec-2022;80622.4075573515;84799.0878420424;79428.4855854321;83478.5200566527
12-Dec-2022;79215.9467847798;80682.3566895986;77611.6662966582;80619.6591656399
11-Dec-2022;79170.1154567896;80130.6800277838;79033.5304942139;79234.4482805204
10-Dec-2022;79042.4336046734;79989.6937845371;78901.4291665363;79168.0044696208
9-Dec-2022;81060.1677467796;81628.254663375;78820.0839730884;79036.7636828662
8-Dec-2022;77089.7962361378;81225.4147744729;76708.6571492892;81062.6346677807
7-Dec-2022;80616.470347139;80688.8077782464;77088.8954097247;77088.8954097247
6-Dec-2022;78835.3742731809;80639.9300012836;78694.2602600657;80622.8549008514
5-Dec-2022;77503.9235708773;80888.4861361348;77503.9235708773;78824.2644458188
4-Dec-2022;77701.1872805328;77701.1872805328;77519.5303469583;77519.5303469583
3-Dec-2022;80903.519403563;81240.0088476744;77589.4840875262;77708.4186413941
2-Dec-2022;78130.4604304778;80893.9481242622;77950.576332448;80893.9481242622
1-Dec-2022;79074.3391879883;79088.3960219195;77602.7734067315;78127.1094172663
30-Nov-2022;74044.0262040013;79456.9191548671;73956.9702792854;79069.4023587549
29-Nov-2022;71976.6403247594;74356.4738111454;70972.1334071301;74042.3515440217
28-Nov-2022;72295.1037574897;72295.1037574897;70317.5129290907;71989.6668043585
27-Nov-2022;73258.633661366;74136.1152114938;72299.8672270162;72305.1810122308
26-Nov-2022;72826.407277976;74542.4504502369;72784.336247295;73258.1852117339
25-Nov-2022;72667.3560068289;72834.6367286048;71153.1820054778;72834.6367286048
24-Nov-2022;71913.0636033847;73261.0523225026;71767.0897026329;72678.449681117
23-Nov-2022;68880.3466225899;72013.4688472373;68552.8331843895;71904.2178713366
22-Nov-2022;69297.7247235599;69297.7247235599;65802.0142744039;67238.2375500983
21-Nov-2022;69514.7810646167;69514.7810646167;66149.17295069;67232.6924598059
20-Nov-2022;74141.8428424652;74485.1318031045;69243.2322199421;69519.0954721624
19-Nov-2022;73763.3116422443;74713.8956568812;73048.9371536371;74141.2688916875
18-Nov-2022;72528.4561877158;74094.9484350858;72528.4561877158;73768.4676019498
17-Nov-2022;73604.4438782031;73865.4285887371;71991.3022096799;72528.8445203586
16-Nov-2022;76047.2648466562;76501.4251132056;72082.7080554479;73589.5438557118
15-Nov-2022;76207.9696407663;77729.1235627101;75250.1892887829;76042.8552242457
14-Nov-2022;73985.7654195197;77935.953701402;70705.7507847095;76203.4573358437
13-Nov-2022;76016.9612728298;77002.1904856954;73175.9372610969;73981.1475245351
12-Nov-2022;77954.3862109092;77997.5285021025;75212.3091587715;76006.4908398456
11-Nov-2022;78907.1096238976;79114.4401675924;73221.8378932761;77941.2311783434
10-Nov-2022;67821.6108970429;81379.6273254473;67391.0048421309;78942.4763474642
9-Nov-2022;81287.1417838354;81446.9567422775;66784.5624040534;67825.4667780838
8-Nov-2022;96766.0936241153;97165.3059070545;76794.5417759349;81269.6489469677
7-Nov-2022;97465.0606831294;98996.1291508563;95544.362105568;96782.2373188776
6-Nov-2022;100929.8742769112;101316.2232070607;97478.5628005764;97478.5628005764
5-Nov-2022;101999.7146620855;102950.1670965945;100809.7874593664;100934.0277467008
4-Nov-2022;95482.6439495049;103501.1478719381;95349.8917257518;101995.7988966085
3-Nov-2022;94146.8024595207;96168.8384082245;93984.299920489;95491.6324010225
2-Nov-2022;97533.8481850029;100353.9874134276;93373.6640003557;94145.9985197076
1-Nov-2022;97228.7899794264;98605.4275866819;96384.735098168;97546.6088589315
31-Oct-2022;97790.74250958;99987.5223224434;95939.5110832231;97233.0623995104
30-Oct-2022;99651.9145697123;100718.7571784834;97114.6489742262;97809.3143519466
29-Oct-2022;95688.2755418725;101662.8176606992;95362.7483679591;99651.9492972858
28-Oct-2022;92865.8648208183;96510.204733246;91910.4173900586;95700.7779434306
27-Oct-2022;96008.2057061673;96471.5694776696;92650.8361625862;92869.0350709758
26-Oct-2022;90590.3939291748;97098.6177558367;90546.7131765906;95991.3703251538
25-Oct-2022;83371.9648754784;93241.4637592032;82892.5547904855;90623.3922059998
24-Oct-2022;84059.2712436109;84363.4334434421;82119.1474875955;83389.7677554025
23-Oct-2022;81023.4800592609;84322.4500651647;80324.326299716;84056.5124802872
22-Oct-2022;80138.9802275015;81199.2827767152;79895.1240793647;81026.5486627308
21-Oct-2022;79108.5455464761;80458.264162491;77720.105949588;80141.6994730847
20-Oct-2022;79721.1183161084;80563.8625676758;79080.1816819514;79109.3381646706
19-Oct-2022;81648.0813599623;81765.1559209568;79616.013311237;79726.3213589788
18-Oct-2022;82630.1199273775;83090.2855841026;80405.8837063565;81640.8490729634
17-Oct-2022;81840.301957708;82876.9517791768;81285.0759352937;82632.8307248742
16-Oct-2022;79879.1022948578;82236.5604478885;79879.1022948578;81839.488573993
15-Oct-2022;81276.2219730586;81491.7393473475;79469.5544124865;79870.7138517139
14-Oct-2022;82434.9991347152;86681.4825352649;81283.4986170552;81283.4986170552
13-Oct-2022;82518.6180486098;82687.2894512796;77061.2577977136;82439.8107520165
12-Oct-2022;82107.6235844413;83168.7786079751;81966.159768489;82517.9130446697
11-Oct-2022;82385.7068514363;83933.7353171886;82097.5755303672;82097.5755303672
10-Oct-2022;85136.9691021563;85976.6167852146;82400.2525858933;82400.2525858933
9-Oct-2022;82019.0779431141;85136.0440957367;81637.7673324457;85136.0440957367
8-Oct-2022;83073.4901309178;83296.9194873649;81496.1374816459;82021.5911093898
7-Oct-2022;81819.8982292409;83082.5710759398;81485.6496513994;83082.5710759398
6-Oct-2022;82960.7326957546;83859.599083251;81675.4543990916;81812.2164263326
5-Oct-2022;80390.4474018607;82962.6037076785;80190.4325283233;82962.6037076785
4-Oct-2022;76783.2284405183;80567.4069196855;76597.4557593742;80399.5204271704
3-Oct-2022;76888.8481042599;76973.3246269419;76586.8449552287;76792.5689183404
2-Oct-2022;78967.5586730465;79243.0724956162;76839.0010419011;76884.6394410495
1-Oct-2022;79957.2646396972;80217.4957823697;78627.3726282649;78960.9973420478
30-Sep-2022;77968.2131389745;83151.1613409656;77968.2131389745;79944.3166335167
29-Sep-2022;78180.195550971;78180.195550971;75500.5094117212;77968.5569892632
28-Sep-2022;78309.9838044665;79022.465487982;74075.2629015647;78171.8029093885
27-Sep-2022;77616.3246350237;81194.1725323686;77616.3246350237;78344.5203312724
26-Sep-2022;74103.6086081317;77627.3323468306;74103.6086081317;77615.3489511312
25-Sep-2022;76275.7010654158;77168.8779494954;73826.962648705;74093.9116132504
24-Sep-2022;76872.1697380819;77914.5343270487;75969.0660276926;76278.8678704756
23-Sep-2022;79516.1260640258;80554.4875020807;72776.6462558261;76873.0310282597
22-Sep-2022;77096.5425276575;80035.8607426789;76443.6347976822;79528.0436496802
21-Sep-2022;81306.8374861298;85041.3615679168;75732.6766104785;77160.6342536351
20-Sep-2022;82760.4591639735;83021.5858053086;80998.9660893312;81317.4379947178
19-Sep-2022;85951.3821361902;85951.3821361902;77470.550527721;82755.7952687383
18-Sep-2022;88917.1827428896;88917.1827428896;80555.4334457306;85955.1415064478
17-Sep-2022;86689.0315036918;89120.1610137255;85610.0621082769;88919.3722897914
16-Sep-2022;87763.7273064124;88278.6391305867;86067.3383311168;86663.0905420798
15-Sep-2022;97655.3404591807;98483.2856810511;87418.5639539242;87749.7193898897
14-Sep-2022;93704.0690573392;98077.846221796;93059.9035487745;97635.7514940447
13-Sep-2022;103908.9834088369;105837.8565135285;93059.9035487745;94056.8927136426
12-Sep-2022;109636.9120631159;110637.3222561339;102831.4966178391;103897.0188391989
11-Sep-2022;107952.8829385968;109637.8960333015;106405.1469957915;109619.1888953953
10-Sep-2022;104487.2371555872;108470.8780929305;103960.5761007499;107966.7245860942
9-Sep-2022;100564.0552792524;106752.3146150463;100419.4560660335;104494.7827705698
8-Sep-2022;99092.320355632;100958.9210353981;97746.8183583212;100573.8890825944
7-Sep-2022;95644.5624925765;100384.0800347257;92250.8486315543;99098.4754778281
6-Sep-2022;98667.8299642086;102533.1229697947;95696.1436011496;95696.1436011496
5-Sep-2022;95004.3888393437;98937.5608029587;94795.7409780564;98664.3485933297
4-Sep-2022;93841.8914927213;95011.933262815;93046.4379059657;94989.7943740453
3-Sep-2022;95066.5480395178;95201.6038514405;92924.2803735097;93840.4883619457
2-Sep-2022;95494.1299601938;99042.8604964532;93539.4353434218;95066.956981809
1-Sep-2022;93419.6092335009;95983.2334093724;92133.2994604687;95503.6972157528
31-Aug-2022;92790.9386986075;98152.3505834744;92790.9386986075;93415.3130888535
30-Aug-2022;95909.4083435626;97192.8212623659;90145.6342525103;92763.6907356022
29-Aug-2022;86255.4970999211;96102.1076265627;86092.0155705472;95900.0470133229
28-Aug-2022;89919.7675935211;90799.255152349;86262.0000878403;86262.0000878403
27-Aug-2022;90941.8638760066;91484.1429891403;87693.2613417056;89931.1162332625
26-Aug-2022;102415.6075785459;102415.6075785459;90375.8982576896;90919.3020957843
25-Aug-2022;99150.1586310884;103391.6684016834;99121.4142432717;102423.6033669288
24-Aug-2022;100177.3999014901;100898.3149960181;97008.4857264164;99133.5660926094
23-Aug-2022;97618.1838205222;100417.2666966252;93891.0644335892;100181.8897085237
22-Aug-2022;96340.4350950089;97608.5282560075;91985.7536743415;97592.1072596918
21-Aug-2022;93804.3550417257;97635.7319654784;93358.2786635188;96349.4851388511
20-Aug-2022;95952.7206549343;98307.0291282277;91290.7910667178;93831.7321235747
19-Aug-2022;110825.7259859247;110825.7259859247;95874.6755802578;95972.756604854
18-Aug-2022;110939.7932169363;112582.6255167108;110530.946840084;110820.4774752727
17-Aug-2022;115492.968729997;118808.2566852266;110551.6430465421;110896.4817876578
16-Aug-2022;117024.2380660849;117510.8480708511;114529.8246386558;115505.5810476016
15-Aug-2022;120563.348111913;124948.8507660655;116263.0026717355;117110.0316409531
14-Aug-2022;121879.6282765374;125918.7682769782;119458.3753511579;120565.9350583495
13-Aug-2022;120376.0533877062;123845.9898631311;119838.6164366603;121852.2083583624
12-Aug-2022;114029.5153578952;120389.5183249745;113418.5865458501;120370.6633915617
11-Aug-2022;113887.4530996922;118568.2735802613;113887.4530996922;114049.2158144412
10-Aug-2022;102983.2810837046;114968.1508690447;100696.3619455414;113882.1854927256
9-Aug-2022;109672.3436844114;109672.3436844114;101347.0342339348;102990.4523205486
8-Aug-2022;102873.9415467779;109638.0577985025;102735.6168172108;109638.0577985025
7-Aug-2022;102394.8570948566;104392.8589306542;101252.7782718073;102853.2020092635
6-Aug-2022;104869.309045863;105575.3515476137;102387.6023595962;102387.6023595962
5-Aug-2022;98862.7300301478;104844.7052097582;98799.5765539635;104844.7052097582
4-Aug-2022;100257.6643608676;100257.6643608676;97457.9503552657;98904.6661486186
3-Aug-2022;99330.3577629067;101650.8053496637;96655.5644446132;100256.9101527075
2-Aug-2022;102982.8533526669;102982.8533526669;94188.6516306822;99323.9177570943
1-Aug-2022;104669.9930055272;105835.6455405695;101645.3688191171;103017.5000585053
31-Jul-2022;105568.8339838788;108681.2357625721;104120.1549756315;104674.459852302
30-Jul-2022;107509.6128012963;108191.5584485439;104462.2352151295;105574.1081339257
29-Jul-2022;107851.4774652605;109552.7885288656;103924.4278386667;107531.0882752337
28-Jul-2022;97151.2777574824;110023.7481630002;95290.4067424561;107841.7445395008
27-Jul-2022;86804.0807469184;97184.9731519233;86164.527941896;97151.3204526955
26-Jul-2022;84541.3353031871;86688.6392019669;81947.4771682546;86688.6392019669
25-Jul-2022;92951.0087311147;93310.199916881;84554.9258636126;84554.9258636126
24-Jul-2022;90048.5538781492;96163.661662849;90016.5054347601;92969.5722225033
23-Jul-2022;89306.5783338766;92513.6339207862;86936.2807177086;90052.9111917954
22-Jul-2022;91451.2337072708;94164.3813693907;88561.6692824648;89361.6649748031
21-Jul-2022;83620.5849617148;93352.0713163183;81007.0017577161;91451.4760927579
20-Jul-2022;87176.91253074;89273.6527128454;82544.1681981769;83611.0288273155
19-Jul-2022;91151.6668332327;92806.1591012599;84663.838233569;87178.0952393881
18-Jul-2022;77650.6162390869;91170.9552708436;77650.6162390869;91170.9552708436
17-Jul-2022;78485.7591193536;79948.0782273728;77126.1414997446;77640.7382417306
16-Jul-2022;71501.7938733166;79920.6473230913;69345.0301843228;78452.2016555935
15-Jul-2022;69444.8442899944;73995.0082123608;68933.6809895239;71521.3665493716
14-Jul-2022;65112.8273516974;70102.1032909325;62785.8148747335;69436.186549665
13-Jul-2022;60656.0543179492;65117.0020983127;59598.9020374982;65117.0020983127
12-Jul-2022;68578.5918983812;68578.5918983812;60653.0779693352;60656.3529180982
11-Jul-2022;75812.2230078353;75812.2230078353;68437.5658958708;68577.1735320117
10-Jul-2022;79098.6619115095;79098.6619115095;75216.2943986433;75829.2645585237
9-Jul-2022;79449.8226196992;79869.7919138204;78609.4205628224;79103.4667368086
8-Jul-2022;78060.3866873902;79656.5249061379;75400.9109993644;79462.7803272268
7-Jul-2022;71217.658668349;78647.8985816524;69937.3946804665;78061.2105706738
6-Jul-2022;67550.4105018772;71618.2094849954;66974.8561320646;71218.4436762372
5-Jul-2022;65579.0622351138;67533.6648172523;64141.6926114147;67533.6648172523
4-Jul-2022;60991.6207073787;65717.7997519105;58421.8860222466;65610.3696447232
3-Jul-2022;60575.4563099444;61538.3052391966;59299.6204815726;60990.0711935586
2-Jul-2022;60214.9902146127;60949.4930567617;58729.1528450908;60578.0307901937
1-Jul-2022;58623.8811144974;60374.7811034877;56714.2162526176;60194.8922248043
30-Jun-2022;57716.1494662921;58568.0173766244;54692.4324169684;58568.0173766244
29-Jun-2022;61518.0678430216;62821.3223442112;57694.6660254791;57694.6660254791
28-Jun-2022;63391.6136077902;66132.9076174157;61337.2131296245;61521.0192468669
27-Jun-2022;64064.6783188196;65874.3946397148;62676.4739006699;63414.2842791286
26-Jun-2022;67369.8043365594;68949.3906913268;64048.2984358501;64071.0092283382
25-Jun-2022;66488.3574347951;67554.4463414974;64203.1462781962;67394.7013759429
24-Jun-2022;62304.6562071788;67132.9189468242;60866.6746135412;66494.8652342254
23-Jun-2022;57823.103314342;62483.9363158699;57762.0714052597;62314.5766471347
22-Jun-2022;60629.4696080435;60677.3514731883;57474.5462357682;57828.1972927297
21-Jun-2022;61731.2805845884;65131.220370666;60599.929408773;60599.929408773
20-Jun-2022;63994.4965959505;64034.6741567991;60501.9196798521;61738.4257217607
19-Jun-2022;57120.4406136064;65570.2727763045;54229.0984623941;63994.5078738297
18-Jun-2022;62466.6262316774;62971.9860578955;51526.1802039464;57134.0188950189
17-Jun-2022;61275.6895636187;63188.3882239473;61275.6895636187;62474.7535574176
16-Jun-2022;70623.7996673608;71341.5519980542;60747.6565005006;61260.9444299693
15-Jun-2022;70713.4819803009;70796.9265520227;58156.2979966616;70601.0700819914
14-Jun-2022;69563.0687202623;73113.0368780215;63219.0332974319;70730.8154162792
13-Jun-2022;83200.8646819432;84388.9978301794;68257.5099541739;69564.6548242022
12-Jun-2022;88177.0174564513;88725.3378409352;82759.9447528616;83280.4516082475
11-Jun-2022;95958.0054423228;96770.3009785016;86842.9603071888;88146.6929784372
10-Jun-2022;103802.0182849497;106103.7958084601;95855.2032139582;95947.8812852303
9-Jun-2022;109386.3317424932;109386.3317424932;103809.9123963593;103809.9123963593
8-Jun-2022;112020.7062983308;113044.2337151825;109311.7677567311;109389.9608720862
7-Jun-2022;114116.6074146071;115454.1437128556;106402.170318865;112017.4735721427
6-Jun-2022;114206.4835702078;121125.6846426542;114113.9014208193;114113.9014208193
5-Jun-2022;114163.2631779318;115686.4749004976;112599.1740333677;114179.220963215
4-Jun-2022;112478.0021099753;114700.5955179425;110977.1612721752;114149.9853057042
3-Jun-2022;116467.5609853262;116843.7230567631;111558.3179143742;112468.9919835579
2-Jun-2022;115723.1565805481;117177.4271599376;111856.8731881908;116468.5483581735
1-Jun-2022;121863.6762622313;124788.0642012968;112779.3665598464;115796.641431766
31-May-2022;127520.3707903144;128100.5421376051;121255.0930382103;121881.0818905487
30-May-2022;120490.434483513;129586.5341322827;119996.3373089117;127522.4933902821
29-May-2022;118732.2983459008;120500.0714518148;116993.425338156;120500.0714518148
28-May-2022;116764.5206375775;119281.2719608236;114257.2073297194;118747.6491971938
27-May-2022;109639.7432232379;120221.0751056129;109639.7432232379;114276.215644114
26-May-2022;117382.9441361601;118417.2073472282;107003.3268468847;109723.0386370281
25-May-2022;113031.7360575995;117370.5413100016;111047.3028129762;117370.5413100016
24-May-2022;115532.797225704;115532.797225704;109671.2822911425;113049.1998549383
23-May-2022;127646.5287127845;130020.8152302446;115063.9459466262;115520.5561189217
22-May-2022;122429.5873163509;127698.1124158033;121894.4141903222;127698.1124158033
21-May-2022;121583.1255789394;123094.5595113778;120544.4463834763;122420.1485972619
20-May-2022;125368.2560502267;125368.2560502267;119213.1325096463;121601.5801047962
19-May-2022;123112.5947679992;126013.6118095778;122526.0560038359;125389.1325836988
18-May-2022;135879.892560946;136651.2325956866;123145.1433217364;123145.1433217364
17-May-2022;130728.7822270259;138464.5721750699;130728.7822270259;135876.6009868556
16-May-2022;142698.1626712496;142698.1626712496;128526.9680491177;130718.6736011876
15-May-2022;133137.863605714;142788.4444654144;130028.5375642994;142689.5082892108
14-May-2022;130424.6731068303;133607.0879938543;126688.0984014636;133143.7359740278
13-May-2022;127652.9847953713;139191.5606909496;126956.6823299764;130433.5806455361
12-May-2022;138339.6930445229;144878.082511032;115939.5918041402;127755.8195053052
11-May-2022;163699.9463280932;167957.9744516593;134758.6242931623;138313.2667763996
10-May-2022;156705.1861073042;170691.7718723067;154197.1344271477;163752.8163029177
9-May-2022;173777.063145419;174449.7987262232;156328.6810755099;156899.4516616847
8-May-2022;181892.3871889617;182079.2892370937;166145.5938960104;173704.7239476588
7-May-2022;185954.421173858;186069.0269324179;179367.0981129571;181890.3982829821
6-May-2022;178199.5004621381;185953.5820299898;178199.5004621381;185953.5820299898
5-May-2022;196995.2000379405;197580.3734517226;175819.5513666225;178217.7464579992
4-May-2022;187165.2927642865;197023.2180890122;186905.8704297527;197023.2180890122
3-May-2022;202000.6674506837;202144.9735294119;187188.4939015293;187188.4939015293
2-May-2022;207405.5120879229;207405.5120879229;197563.2123618838;202018.9236570631
1-May-2022;194785.3290468378;207415.9386316217;194648.6765628586;207415.9386316217
30-Apr-2022;200888.5600958133;202407.897946565;194600.6849730121;194799.072735071
29-Apr-2022;213562.4075193272;214047.3896157429;198526.7314687167;200893.4459653182
28-Apr-2022;213413.7550544188;216295.587706399;207124.3198494935;213574.368316036
27-Apr-2022;208541.943985652;216100.5807510906;208541.943985652;213419.6632775855
26-Apr-2022;226122.2996039749;228116.0427166154;206879.2617478926;208516.1230574874
25-Apr-2022;226166.3540530432;226456.6055657947;207363.8445856436;226155.9068992457
24-Apr-2022;227277.2253089857;229175.6187216488;226099.6915198958;226146.4265763079
23-Apr-2022;229401.566909061;230215.5820719803;226456.5168735757;227336.5584899135
22-Apr-2022;241568.6964135367;241568.6964135367;227518.1754079899;229404.1436673301
21-Apr-2022;254728.8439913275;254728.8439913275;239380.5472863099;241612.527787691
20-Apr-2022;251418.6958376554;258970.3536259986;250474.9825057199;254721.9303021744
19-Apr-2022;248045.3690574562;254850.6065163735;241669.5851593551;251432.5909450847
18-Apr-2022;241723.7996064937;248446.9901537545;235130.4117521232;248048.3265090701
17-Apr-2022;247246.9656564415;248368.9063200787;241365.2844692651;241717.2970817075
16-Apr-2022;245570.6983122579;248297.1179731304;243576.0035182219;247281.5632824214
15-Apr-2022;249538.6307054078;251534.2650616585;245554.0125753836;245554.0125753836
14-Apr-2022;256986.4417806809;258651.5979793628;246919.4822736177;249520.0383480582
13-Apr-2022;258675.8573917161;258675.8573917161;248599.9589721556;257029.5118288255
12-Apr-2022;248948.6279095787;258718.4202345882;246982.3464142957;258718.4202345882
11-Apr-2022;273215.2671652952;273631.0917885261;247390.1660904801;248917.8682548392
10-Apr-2022;263675.6915050452;273410.1941687937;263675.6915050452;273410.1941687937
9-Apr-2022;258071.5354204434;263729.9974287889;257707.1597050433;263726.2029392242
8-Apr-2022;256236.8281867321;262321.0121386623;256236.8281867321;258079.4609501481
7-Apr-2022;260516.7083090189;268012.8480460747;256237.010842523;256237.010842523
6-Apr-2022;286580.5039512846;286580.5039512846;260435.2080194058;260475.2062942566
5-Apr-2022;294903.838874332;297036.706379051;286486.0387966153;286590.6185113195
4-Apr-2022;296759.2242917809;296759.2242917809;286592.5930757905;294903.9522376917
3-Apr-2022;295392.5074567273;306467.0837265201;293373.0192116039;296798.6928548339
2-Apr-2022;295819.3709000277;301950.1541100246;295151.5068546928;295413.8341696455
1-Apr-2022;268350.5820050851;298643.2837843774;263553.0947608412;295799.0882738454
31-Mar-2022;282671.6614751945;286833.2230287068;267562.3890858941;268274.2855995065
30-Mar-2022;297633.5848251573;301431.334748749;282660.6844109337;282660.6844109337
29-Mar-2022;326832.3666190862;334872.9783622962;297673.9679023424;297673.9679023424
28-Mar-2022;332113.0247990829;332113.0247990829;326990.4817057963;326990.4817057963
27-Mar-2022;320667.1515470598;332037.8922744735;319259.7713223499;332037.8922744735
26-Mar-2022;316853.3502918325;320976.1917019756;315366.1857529683;320604.2647058935
25-Mar-2022;317838.9512510923;325559.7403440901;308749.1015488792;316880.4705117748
24-Mar-2022;293255.116727323;319634.7249641379;293255.116727323;317799.3675557374
23-Mar-2022;315153.3455985943;315153.3455985943;293255.7164522737;293255.7164522737
22-Mar-2022;309047.6249259748;324256.8400826293;308489.8884314246;315151.8701472247
21-Mar-2022;363747.9341389163;363747.9341389163;286947.1658728044;309069.2303568307
20-Mar-2022;316754.1321917732;363793.2035916329;303806.7921204797;363793.2035916329
19-Mar-2022;316557.8465814356;320348.8601128699;312911.4930207826;316722.9017179448
18-Mar-2022;290238.5753045793;319663.9963979778;286156.9985638339;316624.6344036026
17-Mar-2022;279968.6653063848;292507.6481043445;271028.739686163;290281.8635276683
16-Mar-2022;283781.8457687622;283781.8457687622;271177.2046670332;279977.9168331651
15-Mar-2022;310880.2720623844;310880.2720623844;279539.0755738926;283794.9667086266
14-Mar-2022;334287.0821687806;334287.0821687806;293669.7228806747;310883.5261103729
13-Mar-2022;344847.3896291313;347669.6585045215;332349.0250838924;334347.9165374176
12-Mar-2022;342994.5373065288;349262.7741219223;342923.0054482444;345017.0634923722
11-Mar-2022;348204.20179877;361047.9683312599;342981.4479343093;342981.4479343093
10-Mar-2022;378664.9214102775;378664.9214102775;300807.8775391083;348174.474427588
9-Mar-2022;335031.497198894;378757.4612024022;334575.1746224404;378757.4612024022
8-Mar-2022;356341.756525038;356341.756525038;334977.1895219503;334977.1895219503
7-Mar-2022;286356.3567476418;372231.9938768947;286356.3567476418;356348.8740623018
6-Mar-2022;278220.1115549598;286327.2047413769;278220.1115549598;286327.2047413769
5-Mar-2022;273368.6368582341;279698.2972378291;271125.756633128;278208.3746119563
4-Mar-2022;310431.120637308;310451.8066917228;270160.9096109189;273231.0893106142
3-Mar-2022;303128.596998708;310374.3670162929;299199.3141954837;310374.3670162929
2-Mar-2022;322556.3097015932;333756.1174259106;297215.1681827771;303124.6759408172
1-Mar-2022;306601.285279946;322557.7307213974;285492.4232396937;322557.7307213974
28-Feb-2022;219169.2516395821;314895.1081558873;216040.9990007126;306540.9422192674
27-Feb-2022;233181.1609155891;237426.3982812118;215642.3562858129;219221.8993243783
26-Feb-2022;231880.0385019746;238960.958712208;230204.4211800384;233232.109487967
25-Feb-2022;220737.1629057606;236658.7921047753;215750.7477066026;231841.9772751708
24-Feb-2022;210163.7527365457;228053.8276790675;202217.407361049;220705.8052509727
23-Feb-2022;208105.8797983164;219836.8458837251;208105.8797983164;210341.8638615315
22-Feb-2022;206908.6434048853;209342.5618833532;200484.0340504096;208094.230761056
21-Feb-2022;203354.2409261502;212057.6612785213;203354.2409261502;206982.4401653626
20-Feb-2022;214011.4968406185;214011.4968406185;200242.7593332452;203430.3221375049
19-Feb-2022;215646.6329543082;218858.2503881721;209645.8506431637;214007.2035053403
18-Feb-2022;219681.7674041447;222772.8330728148;213481.5126902142;215712.8082630312
17-Feb-2022;234731.7041546597;237201.8313745032;218450.8916663802;219464.0453619152
16-Feb-2022;240149.1772841524;240237.5278434047;229466.0459823121;234804.6429354706
15-Feb-2022;224490.4178304875;240533.8898882168;223443.675431421;240106.1582526895
14-Feb-2022;222477.7640454678;226168.125170676;220042.1342858459;224471.2825365584
13-Feb-2022;223990.1804976423;226369.78722404;218507.7570456829;222730.8015147869
12-Feb-2022;224803.9556183469;228850.4311508362;220410.6513429142;224034.1993578248
11-Feb-2022;231000.1645188246;237534.5739689361;221833.698841648;224803.7422685104
10-Feb-2022;242182.9049898757;244560.9786138731;230471.7916115411;231005.3570580397
9-Feb-2022;234308.7340961669;243905.5528597919;229453.9788481517;242133.8699305578
8-Feb-2022;237146.9032865356;242724.6260285053;227986.5032580991;234415.7865467548
7-Feb-2022;231800.977294981;240531.9986820306;227839.8851051743;237106.3213230585
6-Feb-2022;228359.3833395105;232092.0459209477;224607.8918359614;231805.0809011099
5-Feb-2022;226048.2074651995;231326.2318533895;224710.2202246445;228335.793740183
4-Feb-2022;204957.4688823242;225983.1445510458;204531.5364876279;225983.1445510458
3-Feb-2022;204407.0820603141;206643.7174712415;197969.8264371867;204812.5966680125
2-Feb-2022;214217.5120399872;215001.4030938066;200150.8401503633;204454.936337443
1-Feb-2022;207889.6310413104;215559.919858979;207471.2933698586;214229.6629623342
31-Jan-2022;202686.7506562875;208622.6203125665;193262.7645695449;207919.0189929128
30-Jan-2022;203192.9704205659;205761.1391350557;198317.3443894692;202702.5704348531
29-Jan-2022;199128.8626674973;205464.0784642939;197596.1863148872;203077.2195620424
28-Jan-2022;189148.7860459334;199299.9560226455;184714.7098576133;199168.0742274127
27-Jan-2022;195486.6907169007;195486.6907169007;181523.3445816554;189254.5711823075
26-Jan-2022;193427.6823981295;214851.0439611498;191492.3566161463;195553.3918504194
25-Jan-2022;192030.9008161387;196264.5967897028;185541.0122479088;193455.7161190317
24-Jan-2022;196640.3702882102;196742.5341548605;171645.4617165976;192027.6639995147
23-Jan-2022;186753.9874918053;197245.7728384042;184395.9557232687;196574.3075179755
22-Jan-2022;198720.0338797705;202917.8182054668;180804.5850472204;186618.7204188541
21-Jan-2022;230553.3456375393;232541.0352070564;193728.4754205793;198470.6820251944
20-Jan-2022;236337.2972736634;249410.5075251813;230396.0513258017;230412.3204440701
19-Jan-2022;243121.3283231907;244073.5970741561;234819.0405497311;236379.6147953181
18-Jan-2022;244750.6169657832;246558.5422555718;238192.208480534;243134.7745696276
17-Jan-2022;255633.9284908306;256005.6107217543;241079.0071649571;244751.9347185349
16-Jan-2022;253892.3932017527;257400.2832626916;250932.6895150391;255632.0054086524
15-Jan-2022;252326.3043588758;256495.8701773735;249949.8038298201;253903.3520643636
14-Jan-2022;247977.4846278338;253921.2933667442;244670.8945322856;252338.2894601063
